n,Nx,Ny,step,dense_time,tn_time,bond_dim,abs_err,rel_err,mps_build,mpo_build,dense_build
4,16,16,1,2.1208e-5,0.001029416,4,4.084067198949986e-15,1.9345371029461906e-15,0.002450292,0.005812458,10.869475917
4,16,16,2,1.7791e-5,0.00122975,6,2.460014251377664e-15,3.1627160522554387e-15,0.002450292,0.005812458,10.869475917
4,16,16,3,1.3709e-5,0.001015542,8,1.8189674139046265e-15,4.587210721465038e-15,0.002450292,0.005812458,10.869475917
4,16,16,4,1.3791e-5,0.001000459,8,1.565721065736054e-7,6.439135240258281e-7,0.002450292,0.005812458,10.869475917
4,16,16,5,1.3708e-5,0.000920791,8,1.739167570511593e-7,1.0307027673712396e-6,0.002450292,0.005812458,10.869475917
4,16,16,6,1.3375e-5,0.001417459,8,1.1667435050750577e-7,9.038896431059898e-7,0.002450292,0.005812458,10.869475917
4,16,16,7,1.4084e-5,0.000980916,8,8.969005592600264e-8,8.479558369411718e-7,0.002450292,0.005812458,10.869475917
4,16,16,8,1.3833e-5,0.001003417,8,7.684904149703661e-8,8.500557127098323e-7,0.002450292,0.005812458,10.869475917
4,16,16,9,1.25e-5,0.000904084,8,6.985178512957709e-8,8.824324111992135e-7,0.002450292,0.005812458,10.869475917
4,16,16,10,1.3542e-5,0.000968,8,6.372908818314559e-8,9.067758645431459e-7,0.002450292,0.005812458,10.869475917
4,16,16,11,1.5333e-5,0.000906,8,5.681095774316054e-8,9.027839606619956e-7,0.002450292,0.005812458,10.869475917
4,16,16,12,1.2875e-5,0.000982959,8,4.9647143634018214e-8,8.762468702398462e-7,0.002450292,0.005812458,10.869475917
4,16,16,13,1.425e-5,0.00102975,8,4.323635786678851e-8,8.441992135407696e-7,0.002450292,0.005812458,10.869475917
4,16,16,14,1.3459e-5,0.001002792,8,3.807044811048919e-8,8.198361991255282e-7,0.002450292,0.005812458,10.869475917
4,16,16,15,1.6084e-5,0.000995292,8,3.411242082088867e-8,8.081841048668405e-7,0.002450292,0.005812458,10.869475917
4,16,16,16,1.3667e-5,0.000856083,8,3.1099333860634486e-8,8.088475522807411e-7,0.002450292,0.005812458,10.869475917
4,16,16,17,1.3292e-5,0.000914167,8,2.876100802286616e-8,8.195683673932899e-7,0.002450292,0.005812458,10.869475917
4,16,16,18,1.4167e-5,0.000985125,8,2.6892949174744785e-8,8.380824129294921e-7,0.002450292,0.005812458,10.869475917
4,16,16,19,1.5125e-5,0.000893834,8,2.5354058901141242e-8,8.625746830009296e-7,0.002450292,0.005812458,10.869475917
4,16,16,20,1.5e-5,0.000986,8,3.862413134530863e-8,1.4320567916650986e-6,0.002450292,0.005812458,10.869475917
4,16,16,21,1.3042e-5,0.000997667,8,2.851020355954819e-8,1.1500426026194584e-6,0.002450292,0.005812458,10.869475917
4,16,16,22,1.4e-5,0.000943042,8,2.4164822525903223e-8,1.0586967794156247e-6,0.002450292,0.005812458,10.869475917
4,16,16,23,1.3083e-5,0.000956958,7,2.7924511627669278e-8,1.3265056087434698e-6,0.002450292,0.005812458,10.869475917
4,16,16,24,1.7584e-5,0.000892958,7,2.4349700013906944e-8,1.252018284833632e-6,0.002450292,0.005812458,10.869475917
4,16,16,25,1.4041e-5,0.000979417,7,2.6545319742392383e-8,1.4748662575168048e-6,0.002450292,0.005812458,10.869475917
4,16,16,26,1.3208e-5,0.000885583,7,2.310996315530671e-8,1.3850379196748884e-6,0.002450292,0.005812458,10.869475917
4,16,16,27,1.3084e-5,0.000965792,7,2.1119635238059744e-8,1.3629920252269827e-6,0.002450292,0.005812458,10.869475917
4,16,16,28,1.4458e-5,0.013418583,7,1.9822105404248986e-8,1.3751359759462153e-6,0.002450292,0.005812458,10.869475917
4,16,16,29,1.7917e-5,0.001015333,7,1.8867867832926902e-8,1.4045953192510577e-6,0.002450292,0.005812458,10.869475917
4,16,16,30,1.4e-5,0.000973625,7,1.809407047172977e-8,1.4429174217937548e-6,0.002450292,0.005812458,10.869475917
4,16,16,31,1.3292e-5,0.000944125,7,1.7424197344168943e-8,1.4858725153049335e-6,0.002450292,0.005812458,10.869475917
4,16,16,32,1.3667e-5,0.000908791,6,1.980680139312062e-8,1.8030915649066135e-6,0.002450292,0.005812458,10.869475917
4,16,16,33,1.3042e-5,0.000859625,6,1.8925353934060804e-8,1.8360285939119736e-6,0.002450292,0.005812458,10.869475917
4,16,16,34,1.3041e-5,0.000946167,6,1.825040592426091e-8,1.883672505627266e-6,0.002450292,0.005812458,10.869475917
4,16,16,35,1.3083e-5,0.001256458,6,1.769644844983191e-8,1.9399557555288367e-6,0.002450292,0.005812458,10.869475917
4,16,16,36,1.3708e-5,0.000982708,6,1.7219174907220597e-8,2.001603272346675e-6,0.002450292,0.005812458,10.869475917
4,16,16,37,1.3375e-5,0.000980416,6,1.679214935104692e-8,2.0664856711547443e-6,0.002450292,0.005812458,10.869475917
4,16,16,38,1.3291e-5,0.000874708,6,1.6398244701866953e-8,2.133041555631014e-6,0.002450292,0.005812458,10.869475917
4,16,16,39,1.6292e-5,0.001013334,6,1.690274879312009e-8,2.3204212520261943e-6,0.002450292,0.005812458,10.869475917
4,16,16,40,1.3458e-5,0.001239791,6,1.759276613703804e-8,2.545073999120448e-6,0.002450292,0.005812458,10.869475917
4,16,16,41,2.2292e-5,0.000997333,6,1.6613377495361318e-8,2.5290002562544863e-6,0.002450292,0.005812458,10.869475917
4,16,16,42,1.5458e-5,0.000826334,6,1.6617021304331612e-8,2.65800737912997e-6,0.002450292,0.005812458,10.869475917
4,16,16,43,1.4084e-5,0.001074917,6,1.571443321467602e-8,2.6376763033573626e-6,0.002450292,0.005812458,10.869475917
4,16,16,44,1.4584e-5,0.000816041,6,1.5509579558743354e-8,2.728168313900545e-6,0.002450292,0.005812458,10.869475917
4,16,16,45,1.7125e-5,0.000899417,6,1.5853627767343463e-8,2.9187577875469095e-6,0.002450292,0.005812458,10.869475917
4,16,16,46,1.5667e-5,0.001002167,6,1.661384156509462e-8,3.1974902404978958e-6,0.002450292,0.005812458,10.869475917
4,16,16,47,1.3334e-5,0.000881292,6,1.463892274792554e-8,2.9417873468108587e-6,0.002450292,0.005812458,10.869475917
4,16,16,48,1.3375e-5,0.000917333,6,1.3440917810770766e-8,2.8171439515835544e-6,0.002450292,0.005812458,10.869475917
4,16,16,49,1.9667e-5,0.000875084,6,1.264913946726962e-8,2.7622032232278454e-6,0.002450292,0.005812458,10.869475917
4,16,16,50,1.4709e-5,0.000864167,6,1.2077242580091492e-8,2.7449530715023847e-6,0.002450292,0.005812458,10.869475917
4,16,16,51,2.6e-5,0.000888375,6,1.1631402696039765e-8,2.748847937609829e-6,0.002450292,0.005812458,10.869475917
4,16,16,52,1.3584e-5,0.000838666,6,1.1262812205491132e-8,2.7651365548332876e-6,0.002450292,0.005812458,10.869475917
4,16,16,53,1.3709e-5,0.000881458,6,1.094475757690414e-8,2.7889887287678604e-6,0.002450292,0.005812458,10.869475917
4,16,16,54,1.3125e-5,0.001223292,6,1.0661754474668127e-8,2.817600931246465e-6,0.002450292,0.005812458,10.869475917
4,16,16,55,1.5584e-5,0.000993542,6,1.040431674532254e-8,2.849264927281154e-6,0.002450292,0.005812458,10.869475917
4,16,16,56,1.2875e-5,0.000932167,6,1.0166343496994954e-8,2.8828966051530477e-6,0.002450292,0.005812458,10.869475917
4,16,16,57,1.5e-5,0.001048042,6,9.943748482768746e-9,2.9177870465828206e-6,0.002450292,0.005812458,10.869475917
4,16,16,58,1.3125e-5,0.000970084,6,9.733701468011087e-9,2.95346404093149e-6,0.002450292,0.005812458,10.869475917
4,16,16,59,1.3625e-5,0.009914,6,9.53418586759123e-9,2.989610811744834e-6,0.002450292,0.005812458,10.869475917
4,16,16,60,1.4417e-5,0.000882416,6,9.343728528209488e-9,3.026015853079307e-6,0.002450292,0.005812458,10.869475917
4,16,16,61,1.3084e-5,0.000857833,6,9.161228174317028e-9,3.0625405918781083e-6,0.002450292,0.005812458,10.869475917
4,16,16,62,1.4e-5,0.000915792,6,8.985843022872232e-9,3.0990977682866826e-6,0.002450292,0.005812458,10.869475917
4,16,16,63,1.4167e-5,0.000952209,6,8.816915395895718e-9,3.135636584365161e-6,0.002450292,0.005812458,10.869475917
4,16,16,64,1.2667e-5,0.001247875,6,8.653920132577597e-9,3.172132264236206e-6,0.002450292,0.005812458,10.869475917
4,16,16,65,1.4042e-5,0.000904667,6,8.496428791634e-9,3.2085786099154684e-6,0.002450292,0.005812458,10.869475917
4,16,16,66,1.3e-5,0.000872542,6,8.344084459265462e-9,3.2449826135784326e-6,0.002450292,0.005812458,10.869475917
4,16,16,67,1.3875e-5,0.001212625,6,8.196583876217894e-9,3.2813605397333037e-6,0.002450292,0.005812458,10.869475917
4,16,16,68,1.3625e-5,0.000945833,6,8.05366458647998e-9,3.3177350387367046e-6,0.002450292,0.005812458,10.869475917
4,16,16,69,1.925e-5,0.000832292,6,7.915095668031991e-9,3.35413303215443e-6,0.002450292,0.005812458,10.869475917
4,16,16,70,1.3542e-5,0.000914709,5,8.09703044984677e-9,3.5284441716349242e-6,0.002450292,0.005812458,10.869475917
4,16,16,71,1.7458e-5,0.000869958,5,7.926746346923882e-9,3.5510042991123547e-6,0.002450292,0.005812458,10.869475917
4,16,16,72,1.275e-5,0.000782041,5,7.77005453884039e-9,3.5772715802215168e-6,0.002450292,0.005812458,10.869475917
4,16,16,73,1.625e-5,0.000929792,5,7.624407292439324e-9,3.6064949924138507e-6,0.002450292,0.005812458,10.869475917
4,16,16,74,1.3542e-5,0.000925375,5,7.488165555210245e-9,3.6382483098160895e-6,0.002450292,0.005812458,10.869475917
4,16,16,75,1.5166e-5,0.00088025,5,7.360181840726899e-9,3.672276329239911e-6,0.002450292,0.005812458,10.869475917
4,16,16,76,1.275e-5,0.001033459,5,7.239584890111329e-9,3.7084140314339897e-6,0.002450292,0.005812458,10.869475917
4,16,16,77,1.3959e-5,0.000882583,5,7.1256645398794876e-9,3.746542506955837e-6,0.002450292,0.005812458,10.869475917
4,16,16,78,1.425e-5,0.000913083,5,7.017808204607172e-9,3.7865640963216198e-6,0.002450292,0.005812458,10.869475917
4,16,16,79,1.3042e-5,0.000889375,5,6.9154650310737465e-9,3.828388011893716e-6,0.002450292,0.005812458,10.869475917
4,16,16,80,1.4459e-5,0.000957959,5,6.818125511332985e-9,3.871921964598578e-6,0.002450292,0.005812458,10.869475917
4,16,16,81,1.3083e-5,0.001282334,5,6.725310127078749e-9,3.917067447952903e-6,0.002450292,0.005812458,10.869475917
4,16,16,82,1.875e-5,0.000846542,5,6.63656342950423e-9,3.963717365339475e-6,0.002450292,0.005812458,10.869475917
4,16,16,83,1.3083e-5,0.000827958,5,6.551451492147001e-9,4.011755253892232e-6,0.002450292,0.005812458,10.869475917
4,16,16,84,1.2917e-5,0.001025458,5,6.469561451658955e-9,4.061055631760152e-6,0.002450292,0.005812458,10.869475917
4,16,16,85,1.4042e-5,0.00093675,5,6.390502334638592e-9,4.1114851706667265e-6,0.002450292,0.005812458,10.869475917
4,16,16,86,1.7e-5,0.000998792,5,6.313906586229897e-9,4.1629044532179834e-6,0.002450292,0.005812458,10.869475917
4,16,16,87,1.3541e-5,0.000865125,5,6.239431901848173e-9,4.2151701346207695e-6,0.002450292,0.005812458,10.869475917
4,16,16,88,1.3667e-5,0.006462,5,6.166763062070507e-9,4.2681373503562096e-6,0.002450292,0.005812458,10.869475917
4,16,16,89,1.4209e-5,0.001032791,5,6.095613559163442e-9,4.321662236819415e-6,0.002450292,0.005812458,10.869475917
4,16,16,90,1.5375e-5,0.000853,5,6.0257268437197555e-9,4.375604432612095e-6,0.002450292,0.005812458,10.869475917
4,16,16,91,1.5458e-5,0.00095525,5,5.956877106476015e-9,4.429829467328279e-6,0.002450292,0.005812458,10.869475917
4,16,16,92,2.5125e-5,0.001107833,5,5.888869514471262e-9,4.484210932739795e-6,0.002450292,0.005812458,10.869475917
4,16,16,93,1.3375e-5,0.000894,5,5.821539894095773e-9,4.5386323728262435e-6,0.002450292,0.005812458,10.869475917
4,16,16,94,1.3083e-5,0.000900959,5,5.7547538767003365e-9,4.592988841499975e-6,0.002450292,0.005812458,10.869475917
4,16,16,95,1.375e-5,0.000839625,5,5.688405547330623e-9,4.64718809428279e-6,0.002450292,0.005812458,10.869475917
4,16,16,96,1.3833e-5,0.000924125,5,5.6224156635524825e-9,4.701151403080836e-6,0.002450292,0.005812458,10.869475917
4,16,16,97,1.6291e-5,0.00118675,5,5.556729514770912e-9,4.754813991347264e-6,0.002450292,0.005812458,10.869475917
4,16,16,98,1.3334e-5,0.000942792,5,5.491314523748317e-9,4.808125120716033e-6,0.002450292,0.005812458,10.869475917
4,16,16,99,1.4e-5,0.000909791,5,5.426157668066515e-9,4.8610478509169575e-6,0.002450292,0.005812458,10.869475917
4,16,16,100,1.3334e-5,0.001023208,5,5.361262809487029e-9,4.913558513576961e-6,0.002450292,0.005812458,10.869475917
5,32,32,1,0.000150833,0.001097041,6,2.2068908695813567e-14,5.393299579358537e-15,4.872429792,0.007196459,9.099082916
5,32,32,2,0.000518167,0.001424542,8,1.5438323655778137e-14,1.0561508149831199e-14,4.872429792,0.007196459,9.099082916
5,32,32,3,0.000261791,0.001292208,8,9.206032736224946e-15,1.2553973208799029e-14,4.872429792,0.007196459,9.099082916
5,32,32,4,0.000402958,0.001532792,8,5.557825364857861e-7,1.2504091756143124e-6,4.872429792,0.007196459,9.099082916
5,32,32,5,0.000792792,0.001310209,9,5.204445441705224e-7,1.7052760062595663e-6,4.872429792,0.007196459,9.099082916
5,32,32,6,0.000280916,0.001851875,10,4.1606679144516393e-7,1.7955483719435047e-6,4.872429792,0.007196459,9.099082916
5,32,32,7,0.000231834,0.0014255,10,3.3479393647927737e-7,1.771804854904687e-6,4.872429792,0.007196459,9.099082916
5,32,32,8,0.00033175,0.001586541,10,2.9508913165951526e-7,1.8345857452237122e-6,4.872429792,0.007196459,9.099082916
5,32,32,9,0.000361625,0.001433791,10,2.717369073585981e-7,1.9380734963685454e-6,4.872429792,0.007196459,9.099082916
5,32,32,10,0.00037375,0.001555917,10,2.567006156592218e-7,2.0729225276515964e-6,4.872429792,0.007196459,9.099082916
5,32,32,11,0.000270209,0.001615833,10,2.47988871919351e-7,2.249918030080959e-6,4.872429792,0.007196459,9.099082916
5,32,32,12,0.000303958,0.003070875,10,2.406330416893762e-7,2.4405966898011595e-6,4.872429792,0.007196459,9.099082916
5,32,32,13,0.00031325,0.001495958,10,2.2174562020152775e-7,2.5052156922892024e-6,4.872429792,0.007196459,9.099082916
5,32,32,14,0.00029,0.001466,10,2.0428151413662984e-7,2.563570958811906e-6,4.872429792,0.007196459,9.099082916
5,32,32,15,0.000345917,0.0014175,9,1.9927924432398934e-7,2.771215870806932e-6,4.872429792,0.007196459,9.099082916
5,32,32,16,0.000269333,0.001464,9,1.8538926818535586e-7,2.8507605952706734e-6,4.872429792,0.007196459,9.099082916
5,32,32,17,0.00022975,0.001413958,9,1.7555551445814583e-7,2.9791948186338854e-6,4.872429792,0.007196459,9.099082916
5,32,32,18,0.000277875,0.001544792,9,1.6776259330515108e-7,3.135921688482928e-6,4.872429792,0.007196459,9.099082916
5,32,32,19,0.000360417,0.001401833,9,1.6777319064071192e-7,3.44806377944977e-6,4.872429792,0.007196459,9.099082916
5,32,32,20,0.000295917,0.001505792,8,1.636308283172507e-7,3.6906763778770508e-6,4.872429792,0.007196459,9.099082916
5,32,32,21,0.000228,0.001302541,8,1.5412678999957883e-7,3.8081478863568654e-6,4.872429792,0.007196459,9.099082916
5,32,32,22,0.000212208,0.001499959,8,1.4782094387953073e-7,3.993649317916743e-6,4.872429792,0.007196459,9.099082916
5,32,32,23,0.000276,0.00187375,8,1.428112293036642e-7,4.211066240650258e-6,4.872429792,0.007196459,9.099082916
5,32,32,24,0.000287791,0.001474333,8,1.384832389402375e-7,4.448492170279968e-6,4.872429792,0.007196459,9.099082916
5,32,32,25,0.00039175,0.002274042,8,1.3457983845701432e-7,4.700715410834146e-6,4.872429792,0.007196459,9.099082916
5,32,32,26,0.000333666,0.001432916,8,1.3097461594420486e-7,4.9649460123713555e-6,4.872429792,0.007196459,9.099082916
5,32,32,27,0.000261625,0.001353833,8,1.2759717554633347e-7,5.239388595636679e-6,4.872429792,0.007196459,9.099082916
5,32,32,28,0.000226583,0.001389666,8,1.255563104062684e-7,5.573832993995162e-6,4.872429792,0.007196459,9.099082916
5,32,32,29,0.000332792,0.001381875,8,1.2315826898936023e-7,5.899500655039337e-6,4.872429792,0.007196459,9.099082916
5,32,32,30,0.000249959,0.001327,8,1.195485590557603e-7,6.1672474610033815e-6,4.872429792,0.007196459,9.099082916
5,32,32,31,0.000300792,0.001356708,8,1.1678267471410693e-7,6.4756098966802824e-6,4.872429792,0.007196459,9.099082916
5,32,32,32,0.000306208,0.0014575,8,1.149317443156054e-7,6.836918525391602e-6,4.872429792,0.007196459,9.099082916
5,32,32,33,0.000308791,0.001395333,8,1.1416285944577513e-7,7.271627536766365e-6,4.872429792,0.007196459,9.099082916
5,32,32,34,0.00024425,0.001271292,8,1.1162679124697974e-7,7.598667608431044e-6,4.872429792,0.007196459,9.099082916
5,32,32,35,0.000508333,0.001365333,8,1.083797015480862e-7,7.86982098594417e-6,4.872429792,0.007196459,9.099082916
5,32,32,36,0.00034425,0.001479083,8,1.0511790979368734e-7,8.127167031024835e-6,4.872429792,0.007196459,9.099082916
5,32,32,37,0.000272167,0.001291791,8,1.0262041706390615e-7,8.432444809394482e-6,4.872429792,0.007196459,9.099082916
5,32,32,38,0.00038425,0.001425166,8,9.98645309164134e-8,8.705944169791191e-6,4.872429792,0.007196459,9.099082916
5,32,32,39,0.00035975,0.001352584,8,9.741645541450965e-8,8.99429392944004e-6,4.872429792,0.007196459,9.099082916
5,32,32,40,0.000365,0.001372208,8,9.518157250543529e-8,9.291422801430483e-6,4.872429792,0.007196459,9.099082916
5,32,32,41,0.000279042,0.001322667,8,9.309719450143418e-8,9.592803176378208e-6,4.872429792,0.007196459,9.099082916
5,32,32,42,0.000543708,0.001512333,8,9.112529378509867e-8,9.8954186408127e-6,4.872429792,0.007196459,9.099082916
5,32,32,43,0.000368875,0.0013485,8,8.924302993302074e-8,1.0197299636288874e-5,4.872429792,0.007196459,9.099082916
5,32,32,44,0.000280791,0.001856041,8,8.743630743633242e-8,1.0497142358842484e-5,4.872429792,0.007196459,9.099082916
5,32,32,45,0.000274416,0.00184575,8,8.569604197296511e-8,1.0794068727134576e-5,4.872429792,0.007196459,9.099082916
5,32,32,46,0.000240292,0.001552083,8,8.417757783733908e-8,1.1108797592177614e-5,4.872429792,0.007196459,9.099082916
5,32,32,47,0.000251458,0.001410917,8,8.250779276439657e-8,1.1392982513760455e-5,4.872429792,0.007196459,9.099082916
5,32,32,48,0.000259458,0.001273917,8,8.08734001335267e-8,1.1669982152886575e-5,4.872429792,0.007196459,9.099082916
5,32,32,49,0.000322083,0.001364334,8,7.930220118276014e-8,1.1943906931295364e-5,4.872429792,0.007196459,9.099082916
5,32,32,50,0.000295167,0.001297792,8,7.77877653196725e-8,1.2214283441738662e-5,4.872429792,0.007196459,9.099082916
5,32,32,51,0.000231083,0.001323625,7,7.638354120294473e-8,1.2490352319668835e-5,4.872429792,0.007196459,9.099082916
5,32,32,52,0.000307875,0.001332583,7,7.49171181472623e-8,1.2744422724833923e-5,4.872429792,0.007196459,9.099082916
5,32,32,53,0.000331042,0.001401208,7,7.351081642608227e-8,1.2996407257427721e-5,4.872429792,0.007196459,9.099082916
5,32,32,54,0.000299333,0.001306667,7,7.21558302398594e-8,1.3245467791774378e-5,4.872429792,0.007196459,9.099082916
5,32,32,55,0.0003315,0.001370917,7,7.084664618819694e-8,1.349121888146917e-5,4.872429792,0.007196459,9.099082916
5,32,32,56,0.000442834,0.00138025,7,6.957939385754043e-8,1.3733503883313553e-5,4.872429792,0.007196459,9.099082916
5,32,32,57,0.000322625,0.001502667,7,6.835111790694121e-8,1.397229449813683e-5,4.872429792,0.007196459,9.099082916
5,32,32,58,0.000296125,0.00179925,7,6.715942547472322e-8,1.420764108460254e-5,4.872429792,0.007196459,9.099082916
5,32,32,59,0.000197583,0.001385792,7,6.60022987623758e-8,1.4439645388724776e-5,4.872429792,0.007196459,9.099082916
5,32,32,60,0.000274,0.001355042,7,6.487798634521074e-8,1.4668443945263408e-5,4.872429792,0.007196459,9.099082916
5,32,32,61,0.000300583,0.00130475,7,6.37849348363828e-8,1.4894196922170307e-5,4.872429792,0.007196459,9.099082916
5,32,32,62,0.000239666,0.001362666,7,6.272174237427477e-8,1.5117079852109049e-5,4.872429792,0.007196459,9.099082916
5,32,32,63,0.000237041,0.001317917,7,6.168712333838758e-8,1.5337276638322698e-5,4.872429792,0.007196459,9.099082916
5,32,32,64,0.000329042,0.001370167,7,6.078922822709444e-8,1.5583004087507005e-5,4.872429792,0.007196459,9.099082916
5,32,32,65,0.000283292,0.001290125,7,5.976117088549418e-8,1.5786807071882857e-5,4.872429792,0.007196459,9.099082916
5,32,32,66,0.000273583,0.001852667,7,5.8781147237443365e-8,1.5993955794553964e-5,4.872429792,0.007196459,9.099082916
5,32,32,67,0.000219292,0.001676459,7,5.7840223113405796e-8,1.6202938959023663e-5,4.872429792,0.007196459,9.099082916
5,32,32,68,0.000353125,0.00171975,7,5.693201990793284e-8,1.6412716404246437e-5,4.872429792,0.007196459,9.099082916
5,32,32,69,0.000448959,0.001357084,7,5.6051896171426265e-8,1.6622571556668403e-5,4.872429792,0.007196459,9.099082916
5,32,32,70,0.000323958,0.001367167,7,5.51964511528206e-8,1.6832025165238932e-5,4.872429792,0.007196459,9.099082916
5,32,32,71,0.000388417,0.001447416,7,5.4363185759058456e-8,1.704077604940314e-5,4.872429792,0.007196459,9.099082916
5,32,32,72,0.000284875,0.001442083,7,5.355025557391451e-8,1.724865616997054e-5,4.872429792,0.007196459,9.099082916
5,32,32,73,0.000271958,0.001358666,7,5.275628643058453e-8,1.7455595100260623e-5,4.872429792,0.007196459,9.099082916
5,32,32,74,0.000317167,0.001308625,7,5.198023658466876e-8,1.766159176476575e-5,4.872429792,0.007196459,9.099082916
5,32,32,75,0.00033575,0.001324,7,5.122129462768545e-8,1.7866692132937048e-5,4.872429792,0.007196459,9.099082916
5,32,32,76,0.000609625,0.001336625,7,5.047880525227706e-8,1.807097197293426e-5,4.872429792,0.007196459,9.099082916
5,32,32,77,0.000293916,0.001440375,7,4.975221636723077e-8,1.827452381116811e-5,4.872429792,0.007196459,9.099082916
5,32,32,78,0.000278416,0.001337875,7,4.904104252830323e-8,1.8477447401098373e-5,4.872429792,0.007196459,9.099082916
5,32,32,79,0.000341917,0.001344834,7,4.834484073802412e-8,1.867984311480766e-5,4.872429792,0.007196459,9.099082916
5,32,32,80,0.000411417,0.001655792,7,4.7663195384574545e-8,1.888180770787741e-5,4.872429792,0.007196459,9.099082916
5,32,32,81,0.000377375,0.001475625,7,4.699570994199156e-8,1.90834320462456e-5,4.872429792,0.007196459,9.099082916
5,32,32,82,0.000390083,0.001380792,7,4.6342003435195486e-8,1.9284800387991263e-5,4.872429792,0.007196459,9.099082916
5,32,32,83,0.000299167,0.00134225,7,4.570171013254849e-8,1.948599087413203e-5,4.872429792,0.007196459,9.099082916
5,32,32,84,0.000277083,0.001332958,7,4.507448100882305e-8,1.9687076810949314e-5,4.872429792,0.007196459,9.099082916
5,32,32,85,0.00033,0.001340541,7,4.445998589933529e-8,1.9888128387471566e-5,4.872429792,0.007196459,9.099082916
5,32,32,86,0.00031125,0.001402875,7,4.385791527968382e-8,2.008921439437414e-5,4.872429792,0.007196459,9.099082916
5,32,32,87,0.000381292,0.001270708,7,4.326798097732421e-8,2.029040359614741e-5,4.872429792,0.007196459,9.099082916
5,32,32,88,0.000308083,0.001347667,7,4.268991540699684e-8,2.049176548317244e-5,4.872429792,0.007196459,9.099082916
5,32,32,89,0.000272792,0.001300708,7,4.212346928769067e-8,2.0693370268766985e-5,4.872429792,0.007196459,9.099082916
5,32,32,90,0.000366583,0.001735834,7,4.1568408211134744e-8,2.089528819282878e-5,4.872429792,0.007196459,9.099082916
5,32,32,91,0.00032575,0.001557083,7,4.1024508630424e-8,2.1097588322793228e-5,4.872429792,0.007196459,9.099082916
5,32,32,92,0.000501292,0.007857125,7,4.049155388306598e-8,2.130033711440126e-5,4.872429792,0.007196459,9.099082916
5,32,32,93,0.000298375,0.001390291,7,3.996933083097858e-8,2.1503597033324597e-5,4.872429792,0.007196459,9.099082916
5,32,32,94,0.000493833,0.001433959,7,3.945762741586267e-8,2.170742543891786e-5,4.872429792,0.007196459,9.099082916
5,32,32,95,0.000324625,0.001339375,7,3.895623115879105e-8,2.1911873812146905e-5,4.872429792,0.007196459,9.099082916
5,32,32,96,0.000322416,0.001332125,7,3.8464928533964326e-8,2.2116987360412173e-5,4.872429792,0.007196459,9.099082916
5,32,32,97,0.000291834,0.001357667,7,3.798350492630205e-8,2.232280490033471e-5,4.872429792,0.007196459,9.099082916
5,32,32,98,0.000287959,0.001375833,7,3.751174495871147e-8,2.252935894004348e-5,4.872429792,0.007196459,9.099082916
5,32,32,99,0.000310875,0.001806959,7,3.7049432930849076e-8,2.273667583627073e-5,4.872429792,0.007196459,9.099082916
5,32,32,100,0.000439,0.001541541,7,3.659635328323677e-8,2.29447759841004e-5,4.872429792,0.007196459,9.099082916
6,64,64,1,0.002184584,0.001353,6,7.362819950069889e-14,9.067209448139065e-15,5.227119833,0.025712875,11.674028709
6,64,64,2,0.0027135,0.00200325,10,4.2250329011957346e-14,1.470320166628367e-14,5.227119833,0.025712875,11.674028709
6,64,64,3,0.002533791,0.001838917,14,2.4182177008539795e-14,1.687801317849793e-14,5.227119833,0.025712875,11.674028709
6,64,64,4,0.002399833,0.002076208,14,9.585745377527369e-7,1.109480996751938e-6,5.227119833,0.025712875,11.674028709
6,64,64,5,0.00250875,0.001981542,15,8.523309640335324e-7,1.4442544458445815e-6,5.227119833,0.025712875,11.674028709
6,64,64,6,0.002403417,0.00207,15,8.357334931264574e-7,1.8738111228128118e-6,5.227119833,0.025712875,11.674028709
6,64,64,7,0.00218475,0.001946958,15,9.382924490770212e-7,2.5906375337854387e-6,5.227119833,0.025712875,11.674028709
6,64,64,8,0.00244075,0.002137875,15,8.389107806862944e-7,2.7326685765724766e-6,5.227119833,0.025712875,11.674028709
6,64,64,9,0.002688416,0.00207775,15,7.437092459733252e-7,2.7922551832782983e-6,5.227119833,0.025712875,11.674028709
6,64,64,10,0.002397542,0.00226225,15,6.382181865196804e-7,2.727092965087116e-6,5.227119833,0.025712875,11.674028709
6,64,64,11,0.002426416,0.002013167,15,6.134307466642228e-7,2.961284564297327e-6,5.227119833,0.025712875,11.674028709
6,64,64,12,0.002226334,0.002014958,15,5.29336991995187e-7,2.873242881646124e-6,5.227119833,0.025712875,11.674028709
6,64,64,13,0.002293958,0.001913041,15,4.821015689723721e-7,2.9323833088304867e-6,5.227119833,0.025712875,11.674028709
6,64,64,14,0.002514583,0.002296125,14,4.827756002900762e-7,3.281633510562661e-6,5.227119833,0.025712875,11.674028709
6,64,64,15,0.002337833,0.002056833,14,4.3750925185669176e-7,3.3157592497190547e-6,5.227119833,0.025712875,11.674028709
6,64,64,16,0.002235916,0.001991042,14,4.0597708558776246e-7,3.42320150117307e-6,5.227119833,0.025712875,11.674028709
6,64,64,17,0.002542708,0.002185,14,3.8437571726999814e-7,3.5988293981471113e-6,5.227119833,0.025712875,11.674028709
6,64,64,18,0.002328292,0.001975125,14,3.677970896906709e-7,3.816432235452632e-6,5.227119833,0.025712875,11.674028709
6,64,64,19,0.002493167,0.001971166,14,3.539386451081423e-7,4.062614621611867e-6,5.227119833,0.025712875,11.674028709
6,64,64,20,0.002374625,0.011969458,13,3.6386440769326447e-7,4.611420065938631e-6,5.227119833,0.025712875,11.674028709
6,64,64,21,0.002205875,0.002081959,12,3.466612132023671e-7,4.841777378447371e-6,5.227119833,0.025712875,11.674028709
6,64,64,22,0.002408167,0.001883042,12,3.295801312397477e-7,5.063437872776525e-6,5.227119833,0.025712875,11.674028709
6,64,64,23,0.002343917,0.001837208,12,3.17015382627426e-7,5.34713081983415e-6,5.227119833,0.025712875,11.674028709
6,64,64,24,0.002193916,0.001873208,12,3.0678639866334937e-7,5.670127479748654e-6,5.227119833,0.025712875,11.674028709
6,64,64,25,0.00263525,0.001841375,12,2.9796054711221924e-7,6.022551576453801e-6,5.227119833,0.025712875,11.674028709
6,64,64,26,0.002163708,0.001891792,12,2.9006742645853905e-7,6.399165215173215e-6,5.227119833,0.025712875,11.674028709
6,64,64,27,0.002481167,0.010265625,12,2.82834714379887e-7,6.796523333420388e-6,5.227119833,0.025712875,11.674028709
6,64,64,28,0.002275459,0.0019405,11,2.77705983993219e-7,7.2541603088001145e-6,5.227119833,0.025712875,11.674028709
6,64,64,29,0.002218792,0.001885292,11,2.704159265205216e-7,7.662892739656489e-6,5.227119833,0.025712875,11.674028709
6,64,64,30,0.002228875,0.00189425,11,2.6400994133385496e-7,8.099250989560102e-6,5.227119833,0.025712875,11.674028709
6,64,64,31,0.002497833,0.001893125,11,2.5814620104630163e-7,8.555729431229467e-6,5.227119833,0.025712875,11.674028709
6,64,64,32,0.002398125,0.001859083,10,2.5496971986293636e-7,9.110639902868318e-6,5.227119833,0.025712875,11.674028709
6,64,64,33,0.006016084,0.002172916,10,2.4974331253841317e-7,9.601246005152918e-6,5.227119833,0.025712875,11.674028709
6,64,64,34,0.002348625,0.001887375,10,2.437993996863517e-7,1.0063503809693739e-5,5.227119833,0.025712875,11.674028709
6,64,64,35,0.002492875,0.001904708,10,2.3830341087537853e-7,1.0540147315841557e-5,5.227119833,0.025712875,11.674028709
6,64,64,36,0.002188167,0.001893792,10,2.331552549088075e-7,1.102779430091106e-5,5.227119833,0.025712875,11.674028709
6,64,64,37,0.0021965,0.0018675,10,2.2828818745169647e-7,1.1523749799737572e-5,5.227119833,0.025712875,11.674028709
6,64,64,38,0.002206542,0.008706708,10,2.2365471068108517e-7,1.2025699991683101e-5,5.227119833,0.025712875,11.674028709
6,64,64,39,0.0023575,0.001947709,10,2.1922044278139614e-7,1.2531631337100094e-5,5.227119833,0.025712875,11.674028709
6,64,64,40,0.002339916,0.001823916,10,2.1496014720022257e-7,1.303978360922512e-5,5.227119833,0.025712875,11.674028709
6,64,64,41,0.002371375,0.001841875,10,2.108549636322682e-7,1.3548614571040446e-5,5.227119833,0.025712875,11.674028709
6,64,64,42,0.002565292,0.003128208,10,2.0689048298146298e-7,1.4056773412481908e-5,5.227119833,0.025712875,11.674028709
6,64,64,43,0.002284667,0.001872333,10,2.0305541592617567e-7,1.4563080814881963e-5,5.227119833,0.025712875,11.674028709
6,64,64,44,0.00234325,0.001828959,10,1.9934067303214333e-7,1.5066513604870381e-5,5.227119833,0.025712875,11.674028709
6,64,64,45,0.002184125,0.00187975,10,1.9573872967294933e-7,1.556619245562053e-5,5.227119833,0.025712875,11.674028709
6,64,64,46,0.002187584,0.001951541,10,1.922431884121638e-7,1.6061371559319286e-5,5.227119833,0.025712875,11.674028709
6,64,64,47,0.00220975,0.001925542,10,1.8884847888898838e-7,1.6551429581172586e-5,5.227119833,0.025712875,11.674028709
6,64,64,48,0.002248708,0.002022792,10,1.8554965309493802e-7,1.7035861417033484e-5,5.227119833,0.025712875,11.674028709
6,64,64,49,0.002572459,0.009655458,10,1.8250725121672113e-7,1.7530119413095155e-5,5.227119833,0.025712875,11.674028709
6,64,64,50,0.002173041,0.001794666,10,1.7931035463958068e-7,1.799520963652726e-5,5.227119833,0.025712875,11.674028709
6,64,64,51,0.002751125,0.002657083,10,1.7621497191554404e-7,1.8454995118221112e-5,5.227119833,0.025712875,11.674028709
6,64,64,52,0.002578375,0.001917083,10,1.732122614932125e-7,1.890899701337111e-5,5.227119833,0.025712875,11.674028709
6,64,64,53,0.002424666,0.001823292,10,1.7071488493414524e-7,1.9404608469629366e-5,5.227119833,0.025712875,11.674028709
6,64,64,54,0.002420625,0.001834209,10,1.6779072335597367e-7,1.9837870135396732e-5,5.227119833,0.025712875,11.674028709
6,64,64,55,0.002369834,0.001809,10,1.6496996436644162e-7,2.0267483754525256e-5,5.227119833,0.025712875,11.674028709
6,64,64,56,0.002416625,0.00175825,9,1.6241377740343398e-7,2.071492492528598e-5,5.227119833,0.025712875,11.674028709
6,64,64,57,0.002340917,0.001809666,9,1.5972920935501057e-7,2.1131512911449283e-5,5.227119833,0.025712875,11.674028709
6,64,64,58,0.002350083,0.001818,9,1.5713032630468937e-7,2.154436981525878e-5,5.227119833,0.025712875,11.674028709
6,64,64,59,0.002515541,0.001736875,9,1.5460777139862783e-7,2.1953057049857983e-5,5.227119833,0.025712875,11.674028709
6,64,64,60,0.00240875,0.001910667,9,1.5215459604617176e-7,2.2357365456804968e-5,5.227119833,0.025712875,11.674028709
6,64,64,61,0.002386292,0.001765542,9,1.4976547507127265e-7,2.2757244358030673e-5,5.227119833,0.025712875,11.674028709
6,64,64,62,0.002317666,0.001781625,9,1.474363220314134e-7,2.3152772407964393e-5,5.227119833,0.025712875,11.674028709
6,64,64,63,0.009130166,0.001994959,9,1.4516404309964854e-7,2.3544141183441637e-5,5.227119833,0.025712875,11.674028709
6,64,64,64,0.002266584,0.001814333,9,1.429462904112034e-7,2.3931632770072073e-5,5.227119833,0.025712875,11.674028709
6,64,64,65,0.002548458,0.001811291,9,1.4078120367584792e-7,2.431558904965359e-5,5.227119833,0.025712875,11.674028709
6,64,64,66,0.00216575,0.001828166,9,1.3866719507561267e-7,2.4696381678062076e-5,5.227119833,0.025712875,11.674028709
6,64,64,67,0.0024795,0.001918625,9,1.3660280831932768e-7,2.507438965819587e-5,5.227119833,0.025712875,11.674028709
6,64,64,68,0.002546083,0.001778042,9,1.34586634637399e-7,2.5449983753979994e-5,5.227119833,0.025712875,11.674028709
6,64,64,69,0.00230375,0.002908292,8,1.3270986698171787e-7,2.584154733626295e-5,5.227119833,0.025712875,11.674028709
6,64,64,70,0.002433542,0.0017815,8,1.3076035978604715e-7,2.6208758665429772e-5,5.227119833,0.025712875,11.674028709
6,64,64,71,0.002421417,0.001837084,8,1.2886342421555632e-7,2.6576027478421256e-5,5.227119833,0.025712875,11.674028709
6,64,64,72,0.002364875,0.001844833,8,1.2701388017433546e-7,2.6942980042994753e-5,5.227119833,0.025712875,11.674028709
6,64,64,73,0.002350375,0.001775541,8,1.2520838864234876e-7,2.73095313981198e-5,5.227119833,0.025712875,11.674028709
6,64,64,74,0.002322709,0.00177525,8,1.2344454127305148e-7,2.767573236563334e-5,5.227119833,0.025712875,11.674028709
6,64,64,75,0.002193417,0.001995583,8,1.2172045188045142e-7,2.8041701123286214e-5,5.227119833,0.025712875,11.674028709
6,64,64,76,0.002353333,0.001827542,8,1.2003455500895015e-7,2.8407589832181616e-5,5.227119833,0.025712875,11.674028709
6,64,64,77,0.00215775,0.001852708,8,1.1838549581396145e-7,2.877356659974121e-5,5.227119833,0.025712875,11.674028709
6,64,64,78,0.002205583,0.001800083,8,1.1677206506129684e-7,2.9139804971745246e-5,5.227119833,0.025712875,11.674028709
6,64,64,79,0.002292041,0.0017415,8,1.1519315927178962e-7,2.950647767621123e-5,5.227119833,0.025712875,11.674028709
6,64,64,80,0.002416209,0.001790708,8,1.1364775554139594e-7,2.9873752895342008e-5,5.227119833,0.025712875,11.674028709
6,64,64,81,0.002257541,0.001759833,8,1.1213489533141287e-7,3.0241792128415464e-5,5.227119833,0.025712875,11.674028709
6,64,64,82,0.002384542,0.001795334,8,1.1065367357197543e-7,3.061074900276647e-5,5.227119833,0.025712875,11.674028709
6,64,64,83,0.002644958,0.001889917,8,1.0920323098373357e-7,3.098076865484365e-5,5.227119833,0.025712875,11.674028709
6,64,64,84,0.002200834,0.00198275,8,1.0778274836032214e-7,3.1351987444223324e-5,5.227119833,0.025712875,11.674028709
6,64,64,85,0.00234225,0.001908083,8,1.0639144203525049e-7,3.172453284466924e-5,5.227119833,0.025712875,11.674028709
6,64,64,86,0.002198584,0.001836334,8,1.0507735397058774e-7,3.211343566333428e-5,5.227119833,0.025712875,11.674028709
6,64,64,87,0.002412166,0.001960416,8,1.0372851493682273e-7,3.248507247005878e-5,5.227119833,0.025712875,11.674028709
6,64,64,88,0.002361792,0.001749709,8,1.0240967195966594e-7,3.285912157405776e-5,5.227119833,0.025712875,11.674028709
6,64,64,89,0.002607083,0.001783125,8,1.011196137701648e-7,3.323556352950111e-5,5.227119833,0.025712875,11.674028709
6,64,64,90,0.002252875,0.001743292,8,9.985737068008241e-8,3.36144296189648e-5,5.227119833,0.025712875,11.674028709
6,64,64,91,0.002126125,0.001766292,8,9.862207869925788e-8,3.399576398838322e-5,5.227119833,0.025712875,11.674028709
6,64,64,92,0.002290167,0.001880458,8,9.741292435490517e-8,3.4379608003320444e-5,5.227119833,0.025712875,11.674028709
6,64,64,93,0.002370875,0.001938959,8,9.622912382403423e-8,3.476599440886687e-5,5.227119833,0.025712875,11.674028709
6,64,64,94,0.0023765,0.001750542,8,9.506991630347546e-8,3.5154945754576625e-5,5.227119833,0.025712875,11.674028709
6,64,64,95,0.002514959,0.00221775,8,9.39345630028319e-8,3.5546474626226005e-5,5.227119833,0.025712875,11.674028709
6,64,64,96,0.002426375,0.002092417,8,9.282234787288782e-8,3.594058450663938e-5,5.227119833,0.025712875,11.674028709
6,64,64,97,0.002394042,0.001860916,8,9.173257860940452e-8,3.633727079414806e-5,5.227119833,0.025712875,11.674028709
6,64,64,98,0.002440875,0.001795625,8,9.066458732754269e-8,3.673652175502367e-5,5.227119833,0.025712875,11.674028709
6,64,64,99,0.002266125,0.001797417,8,8.961773074950845e-8,3.713831932832849e-5,5.227119833,0.025712875,11.674028709
6,64,64,100,0.002281541,0.001790084,8,8.85913899694777e-8,3.754263978246493e-5,5.227119833,0.025712875,11.674028709
7,128,128,1,0.032760333,0.004814375,6,6.042623886260321e-13,3.727882684814791e-14,5.94583425,0.009208084,22.453392875
7,128,128,2,0.692526792,0.008262208,10,4.2923871627661114e-13,7.50237289912455e-14,5.94583425,0.009208084,22.453392875
7,128,128,3,0.040979,0.025704084,14,1.5074237944663199e-6,5.294449586518308e-7,5.94583425,0.009208084,22.453392875
7,128,128,4,0.035388375,0.006916542,14,2.190103647790153e-6,1.2781487537152482e-6,5.94583425,0.009208084,22.453392875
7,128,128,5,0.031996459,0.007548291,15,2.528841003602408e-6,2.165382935763784e-6,5.94583425,0.009208084,22.453392875
7,128,128,6,0.03722875,0.003281541,16,2.371629675388061e-6,2.6930055365643887e-6,5.94583425,0.009208084,22.453392875
7,128,128,7,0.030660667,0.003249542,16,2.0583656787801426e-6,2.884968035957038e-6,5.94583425,0.009208084,22.453392875
7,128,128,8,0.035973625,0.003052917,16,2.0123707620624924e-6,3.336527173159729e-6,5.94583425,0.009208084,22.453392875
7,128,128,9,0.392017166,0.004806709,16,1.739603629090551e-6,3.3346035751237153e-6,5.94583425,0.009208084,22.453392875
7,128,128,10,0.041166958,0.003181083,16,1.4918653678969561e-6,3.2655792748815645e-6,5.94583425,0.009208084,22.453392875
7,128,128,11,0.030023542,0.003125375,16,1.3502009413724858e-6,3.3509248360115652e-6,5.94583425,0.009208084,22.453392875
7,128,128,12,0.032310083,0.003849708,16,1.236374869170694e-6,3.463034315652846e-6,5.94583425,0.009208084,22.453392875
7,128,128,13,0.0296925,0.002995417,16,1.1417815724508497e-6,3.597389204135454e-6,5.94583425,0.009208084,22.453392875
7,128,128,14,0.032046333,0.002667291,16,1.0954965787719928e-6,3.872217991311854e-6,5.94583425,0.009208084,22.453392875
7,128,128,15,0.031117334,0.00305025,16,1.032806129325147e-6,4.086178514243953e-6,5.94583425,0.009208084,22.453392875
7,128,128,16,0.032838,0.002818083,15,9.718940392928649e-7,4.2949979226558435e-6,5.94583425,0.009208084,22.453392875
7,128,128,17,0.030197625,0.002735792,15,9.100604070401586e-7,4.4833992607761325e-6,5.94583425,0.009208084,22.453392875
7,128,128,18,0.031942375,0.025333833,15,8.613919115506512e-7,4.721798467528782e-6,5.94583425,0.009208084,22.453392875
7,128,128,19,0.028794,0.002664708,15,8.205857432759831e-7,4.995628604331002e-6,5.94583425,0.009208084,22.453392875
7,128,128,20,0.031324084,0.002653791,14,8.056738601368899e-7,5.437243326965465e-6,5.94583425,0.009208084,22.453392875
7,128,128,21,0.028317625,0.002698958,14,7.776778031548235e-7,5.807151817170188e-6,5.94583425,0.009208084,22.453392875
7,128,128,22,0.034632083,0.0026325,14,7.414371394894196e-7,6.11455113339467e-6,5.94583425,0.009208084,22.453392875
7,128,128,23,0.029409917,0.002416084,13,7.181923009781517e-7,6.528742000995251e-6,5.94583425,0.009208084,22.453392875
7,128,128,24,0.030846834,0.002436625,13,6.896559960784043e-7,6.897291186201434e-6,5.94583425,0.009208084,22.453392875
7,128,128,25,0.03073175,0.002695292,13,6.648655814026572e-7,7.300994117716292e-6,5.94583425,0.009208084,22.453392875
7,128,128,26,0.028890958,0.002553375,13,6.430338931793053e-7,7.73775255746225e-6,5.94583425,0.009208084,22.453392875
7,128,128,27,0.030992334,0.002402334,13,6.235381124588819e-7,8.205290561272988e-6,5.94583425,0.009208084,22.453392875
7,128,128,28,0.030089542,0.002483833,13,6.057552534537522e-7,8.699270908599162e-6,5.94583425,0.009208084,22.453392875
7,128,128,29,0.031612333,0.002453875,13,5.896760732289969e-7,9.222480781098665e-6,5.94583425,0.009208084,22.453392875
7,128,128,30,0.02923,0.002469583,13,5.734653529437996e-7,9.747092324508138e-6,5.94583425,0.009208084,22.453392875
7,128,128,31,0.032430791,0.002397708,13,5.602217848202664e-7,1.032618982334071e-5,5.94583425,0.009208084,22.453392875
7,128,128,32,0.029964542,0.002670291,13,5.453825575733327e-7,1.0878480961009302e-5,5.94583425,0.009208084,22.453392875
7,128,128,33,0.032026542,0.002428083,13,5.314041646908211e-7,1.144596560183593e-5,5.94583425,0.009208084,22.453392875
7,128,128,34,0.03105425,0.002471583,13,5.18124963886857e-7,1.2025352509477293e-5,5.94583425,0.009208084,22.453392875
7,128,128,35,0.031528541,0.00240875,13,5.054319430686602e-7,1.261368133471941e-5,5.94583425,0.009208084,22.453392875
7,128,128,36,0.030602875,0.131783791,13,4.893877414127017e-7,1.3104963529156576e-5,5.94583425,0.009208084,22.453392875
7,128,128,37,0.032296917,0.002514125,13,4.7453006224125607e-7,1.3606555731840117e-5,5.94583425,0.009208084,22.453392875
7,128,128,38,0.030219958,0.002762417,13,4.614676083251767e-7,1.4139656576800337e-5,5.94583425,0.009208084,22.453392875
7,128,128,39,0.031843208,0.00488825,13,4.4940552210644674e-7,1.468508481107662e-5,5.94583425,0.009208084,22.453392875
7,128,128,40,0.028797792,0.002733917,13,4.3796993061451823e-7,1.5232396745107132e-5,5.94583425,0.009208084,22.453392875
7,128,128,41,0.032651625,0.0025055,13,4.269865284170683e-7,1.5775746070139527e-5,5.94583425,0.009208084,22.453392875
7,128,128,42,0.030985875,0.002404416,13,4.1638904895588417e-7,1.6312295143352618e-5,5.94583425,0.009208084,22.453392875
7,128,128,43,0.03286175,0.002828417,13,4.061704631909065e-7,1.6841332707361312e-5,5.94583425,0.009208084,22.453392875
7,128,128,44,0.03132975,0.002936625,12,3.968823705542669e-7,1.7386816601780525e-5,5.94583425,0.009208084,22.453392875
7,128,128,45,0.033589125,0.002565209,12,3.873263703472118e-7,1.7897400282673352e-5,5.94583425,0.009208084,22.453392875
7,128,128,46,0.031695834,0.002680208,12,3.787445482123476e-7,1.8429177687830604e-5,5.94583425,0.009208084,22.453392875
7,128,128,47,0.033796875,0.002337667,12,3.698815582080247e-7,1.8922967632475586e-5,5.94583425,0.009208084,22.453392875
7,128,128,48,0.029409625,0.0026125,12,3.614185792586516e-7,1.941122962488375e-5,5.94583425,0.009208084,22.453392875
7,128,128,49,0.032347375,0.002411292,12,3.5331088886157245e-7,1.989268890439962e-5,5.94583425,0.009208084,22.453392875
7,128,128,50,0.029316208,0.002510583,12,3.456652605486122e-7,2.037477724596302e-5,5.94583425,0.009208084,22.453392875
7,128,128,51,0.032173709,0.024230667,12,3.38073374608859e-7,2.0834554490585626e-5,5.94583425,0.009208084,22.453392875
7,128,128,52,0.030271667,0.002481208,12,3.311651238719258e-7,2.1311681382843245e-5,5.94583425,0.009208084,22.453392875
7,128,128,53,0.032641375,0.002367458,12,3.240536603114534e-7,2.175111188821254e-5,5.94583425,0.009208084,22.453392875
7,128,128,54,0.029103041,0.002341792,12,3.17201011851418e-7,2.2182432433677336e-5,5.94583425,0.009208084,22.453392875
7,128,128,55,0.032832667,0.003546042,12,3.10583795828724e-7,2.2605206818714452e-5,5.94583425,0.009208084,22.453392875
7,128,128,56,0.033216708,0.002304959,12,3.0418436391425895e-7,2.3019303048533795e-5,5.94583425,0.009208084,22.453392875
7,128,128,57,0.030885917,0.002327417,12,2.9798862184191487e-7,2.342478497843433e-5,5.94583425,0.009208084,22.453392875
7,128,128,58,0.032476791,0.002177792,12,2.9221016994706e-7,2.3840233847785664e-5,5.94583425,0.009208084,22.453392875
7,128,128,59,0.029132166,0.002862416,12,2.863328968225086e-7,2.4225168190499437e-5,5.94583425,0.009208084,22.453392875
7,128,128,60,0.033495625,0.002236417,12,2.806447385594284e-7,2.460341479057011e-5,5.94583425,0.009208084,22.453392875
7,128,128,61,0.031412,0.002798042,12,2.7513247814661075e-7,2.4975040120253556e-5,5.94583425,0.009208084,22.453392875
7,128,128,62,0.0320285,0.002449584,12,2.6978574168983485e-7,2.5340277940275197e-5,5.94583425,0.009208084,22.453392875
7,128,128,63,0.030139667,0.002543917,12,2.645958936223704e-7,2.5699455235476047e-5,5.94583425,0.009208084,22.453392875
7,128,128,64,0.032818625,0.003241041,12,2.595554684546435e-7,2.6052953206818535e-5,5.94583425,0.009208084,22.453392875
7,128,128,65,0.0304505,0.0024535,12,2.546578486682185e-7,2.6401184507035305e-5,5.94583425,0.009208084,22.453392875
7,128,128,66,0.031802583,0.002276208,11,2.500757613909422e-7,2.6763703159919235e-5,5.94583425,0.009208084,22.453392875
7,128,128,67,0.032478917,0.002722959,11,2.4542665077393005e-7,2.710112807111286e-5,5.94583425,0.009208084,22.453392875
7,128,128,68,0.032771833,0.002807334,11,2.4090782365058154e-7,2.743490959146935e-5,5.94583425,0.009208084,22.453392875
7,128,128,69,0.03015975,0.002369416,11,2.3651320859275774e-7,2.776535295573301e-5,5.94583425,0.009208084,22.453392875
7,128,128,70,0.032662,0.00323425,11,2.3223765930001462e-7,2.8092810532239556e-5,5.94583425,0.009208084,22.453392875
7,128,128,71,0.030652,0.002352083,11,2.2807660717409017e-7,2.8417651148158338e-5,5.94583425,0.009208084,22.453392875
7,128,128,72,0.031839041,0.002379541,11,2.2402588653286007e-7,2.874024499458683e-5,5.94583425,0.009208084,22.453392875
7,128,128,73,0.030438875,0.002416083,11,2.2008163887877573e-7,2.906095582437429e-5,5.94583425,0.009208084,22.453392875
7,128,128,74,0.031499708,0.002321542,11,2.162402512041335e-7,2.9380136179643625e-5,5.94583425,0.009208084,22.453392875
7,128,128,75,0.030082042,0.002365292,11,2.1249829869137537e-7,2.9698122270864334e-5,5.94583425,0.009208084,22.453392875
7,128,128,76,0.031531125,0.002203208,11,2.0885245911754784e-7,3.0015223814031917e-5,5.94583425,0.009208084,22.453392875
7,128,128,77,0.029713583,0.002285084,11,2.0529937426299846e-7,3.033170426712351e-5,5.94583425,0.009208084,22.453392875
7,128,128,78,0.032886541,0.025308625,11,2.019332079747196e-7,3.066259260596161e-5,5.94583425,0.009208084,22.453392875
7,128,128,79,0.02987725,0.0023865,11,1.9854488390996983e-7,3.097719095877058e-5,5.94583425,0.009208084,22.453392875
7,128,128,80,0.032434833,0.002600917,11,1.952540911075138e-7,3.12939942658378e-5,5.94583425,0.009208084,22.453392875
7,128,128,81,0.029641042,0.002398417,11,1.9205348211535938e-7,3.1612621793815236e-5,5.94583425,0.009208084,22.453392875
7,128,128,82,0.032833083,0.002539791,11,1.8893735942544093e-7,3.1932860762333465e-5,5.94583425,0.009208084,22.453392875
7,128,128,83,0.031308875,0.0023485,11,1.8590120509567562e-7,3.2254617502989104e-5,5.94583425,0.009208084,22.453392875
7,128,128,84,0.030612916,0.00230775,11,1.829414180363672e-7,3.257789454110792e-5,5.94583425,0.009208084,22.453392875
7,128,128,85,0.030463667,0.00224575,11,1.8005518705166977e-7,3.290278648288201e-5,5.94583425,0.009208084,22.453392875
7,128,128,86,0.029325125,0.00225475,11,1.772404792056964e-7,3.322949497072051e-5,5.94583425,0.009208084,22.453392875
7,128,128,87,0.031670709,0.00223325,11,1.7449614432816309e-7,3.35583665761181e-5,5.94583425,0.009208084,22.453392875
7,128,128,88,0.029401166,0.002266166,11,1.718220977405932e-7,3.3889950169475686e-5,5.94583425,0.009208084,22.453392875
7,128,128,89,0.034624459,0.002127417,11,1.6921933363032562e-7,3.4225026677313657e-5,5.94583425,0.009208084,22.453392875
7,128,128,90,0.028774292,0.002350125,11,1.6668894465657812e-7,3.456443462119434e-5,5.94583425,0.009208084,22.453392875
7,128,128,91,0.031776583,0.00223675,11,1.6422477118967065e-7,3.490751249292878e-5,5.94583425,0.009208084,22.453392875
7,128,128,92,0.030606292,0.002297,11,1.6177591755257515e-7,3.524374307496699e-5,5.94583425,0.009208084,22.453392875
7,128,128,93,0.032501458,0.002248959,11,1.5938641555357578e-7,3.558272217477227e-5,5.94583425,0.009208084,22.453392875
7,128,128,94,0.029666666,0.002261708,11,1.569845109215541e-7,3.590851767454931e-5,5.94583425,0.009208084,22.453392875
7,128,128,95,0.031418791,0.002248208,11,1.5464972535529608e-7,3.623905793501319e-5,5.94583425,0.009208084,22.453392875
7,128,128,96,0.029647041,0.002504667,11,1.5237954995392998e-7,3.657436691543704e-5,5.94583425,0.009208084,22.453392875
7,128,128,97,0.031351208,0.002504334,11,1.5016898308527403e-7,3.6913820897902866e-5,5.94583425,0.009208084,22.453392875
7,128,128,98,0.029484584,0.002396542,11,1.4801372472481043e-7,3.725687762553517e-5,5.94583425,0.009208084,22.453392875
7,128,128,99,0.032785625,0.002219042,11,1.4591044547036397e-7,3.7603162573702634e-5,5.94583425,0.009208084,22.453392875
7,128,128,100,0.029352541,0.002276542,11,1.4385655876396646e-7,3.795243498363887e-5,5.94583425,0.009208084,22.453392875
8,256,256,1,missing,0.00153825,6,missing,missing,6.479981875,0.015414334,missing
8,256,256,2,missing,0.002432916,10,missing,missing,6.479981875,0.015414334,missing
8,256,256,3,missing,0.002330875,14,missing,missing,6.479981875,0.015414334,missing
8,256,256,4,missing,0.002790875,14,missing,missing,6.479981875,0.015414334,missing
8,256,256,5,missing,0.003125833,17,missing,missing,6.479981875,0.015414334,missing
8,256,256,6,missing,0.003404291,17,missing,missing,6.479981875,0.015414334,missing
8,256,256,7,missing,0.004087291,17,missing,missing,6.479981875,0.015414334,missing
8,256,256,8,missing,0.005710833,17,missing,missing,6.479981875,0.015414334,missing
8,256,256,9,missing,0.003212542,17,missing,missing,6.479981875,0.015414334,missing
8,256,256,10,missing,0.003257,17,missing,missing,6.479981875,0.015414334,missing
8,256,256,11,missing,0.003518625,17,missing,missing,6.479981875,0.015414334,missing
8,256,256,12,missing,0.003422,17,missing,missing,6.479981875,0.015414334,missing
8,256,256,13,missing,0.018702541,17,missing,missing,6.479981875,0.015414334,missing
8,256,256,14,missing,0.00324475,17,missing,missing,6.479981875,0.015414334,missing
8,256,256,15,missing,0.003120834,17,missing,missing,6.479981875,0.015414334,missing
8,256,256,16,missing,0.0029405,17,missing,missing,6.479981875,0.015414334,missing
8,256,256,17,missing,0.003075959,17,missing,missing,6.479981875,0.015414334,missing
8,256,256,18,missing,0.002924709,17,missing,missing,6.479981875,0.015414334,missing
8,256,256,19,missing,0.003204208,16,missing,missing,6.479981875,0.015414334,missing
8,256,256,20,missing,0.003195875,15,missing,missing,6.479981875,0.015414334,missing
8,256,256,21,missing,0.003068917,15,missing,missing,6.479981875,0.015414334,missing
8,256,256,22,missing,0.002673708,15,missing,missing,6.479981875,0.015414334,missing
8,256,256,23,missing,0.003043333,15,missing,missing,6.479981875,0.015414334,missing
8,256,256,24,missing,0.002764333,15,missing,missing,6.479981875,0.015414334,missing
8,256,256,25,missing,0.00328,15,missing,missing,6.479981875,0.015414334,missing
8,256,256,26,missing,0.002879042,15,missing,missing,6.479981875,0.015414334,missing
8,256,256,27,missing,0.002830125,15,missing,missing,6.479981875,0.015414334,missing
8,256,256,28,missing,0.002938917,15,missing,missing,6.479981875,0.015414334,missing
8,256,256,29,missing,0.00298,15,missing,missing,6.479981875,0.015414334,missing
8,256,256,30,missing,0.00285575,15,missing,missing,6.479981875,0.015414334,missing
8,256,256,31,missing,0.002874417,15,missing,missing,6.479981875,0.015414334,missing
8,256,256,32,missing,0.003151417,15,missing,missing,6.479981875,0.015414334,missing
8,256,256,33,missing,0.010860375,15,missing,missing,6.479981875,0.015414334,missing
8,256,256,34,missing,0.003006167,15,missing,missing,6.479981875,0.015414334,missing
8,256,256,35,missing,0.003129208,15,missing,missing,6.479981875,0.015414334,missing
8,256,256,36,missing,0.002808875,15,missing,missing,6.479981875,0.015414334,missing
8,256,256,37,missing,0.003004042,15,missing,missing,6.479981875,0.015414334,missing
8,256,256,38,missing,0.003002959,15,missing,missing,6.479981875,0.015414334,missing
8,256,256,39,missing,0.002689125,15,missing,missing,6.479981875,0.015414334,missing
8,256,256,40,missing,0.002886042,15,missing,missing,6.479981875,0.015414334,missing
8,256,256,41,missing,0.002801083,15,missing,missing,6.479981875,0.015414334,missing
8,256,256,42,missing,0.002601958,15,missing,missing,6.479981875,0.015414334,missing
8,256,256,43,missing,0.0026795,15,missing,missing,6.479981875,0.015414334,missing
8,256,256,44,missing,0.002758041,14,missing,missing,6.479981875,0.015414334,missing
8,256,256,45,missing,0.002880292,14,missing,missing,6.479981875,0.015414334,missing
8,256,256,46,missing,0.0026405,14,missing,missing,6.479981875,0.015414334,missing
8,256,256,47,missing,0.002969583,14,missing,missing,6.479981875,0.015414334,missing
8,256,256,48,missing,0.00267475,14,missing,missing,6.479981875,0.015414334,missing
8,256,256,49,missing,0.0028615,14,missing,missing,6.479981875,0.015414334,missing
8,256,256,50,missing,0.002435875,14,missing,missing,6.479981875,0.015414334,missing
8,256,256,51,missing,0.002718,14,missing,missing,6.479981875,0.015414334,missing
8,256,256,52,missing,0.002735834,14,missing,missing,6.479981875,0.015414334,missing
8,256,256,53,missing,0.002479292,14,missing,missing,6.479981875,0.015414334,missing
8,256,256,54,missing,0.00256275,14,missing,missing,6.479981875,0.015414334,missing
8,256,256,55,missing,0.006992958,14,missing,missing,6.479981875,0.015414334,missing
8,256,256,56,missing,0.002761083,14,missing,missing,6.479981875,0.015414334,missing
8,256,256,57,missing,0.002524625,14,missing,missing,6.479981875,0.015414334,missing
8,256,256,58,missing,0.0024875,14,missing,missing,6.479981875,0.015414334,missing
8,256,256,59,missing,0.002647959,14,missing,missing,6.479981875,0.015414334,missing
8,256,256,60,missing,0.002412291,14,missing,missing,6.479981875,0.015414334,missing
8,256,256,61,missing,0.002595958,14,missing,missing,6.479981875,0.015414334,missing
8,256,256,62,missing,0.002592625,14,missing,missing,6.479981875,0.015414334,missing
8,256,256,63,missing,0.002329042,14,missing,missing,6.479981875,0.015414334,missing
8,256,256,64,missing,0.002809917,14,missing,missing,6.479981875,0.015414334,missing
8,256,256,65,missing,0.002723084,14,missing,missing,6.479981875,0.015414334,missing
8,256,256,66,missing,0.002373458,14,missing,missing,6.479981875,0.015414334,missing
8,256,256,67,missing,0.002879083,14,missing,missing,6.479981875,0.015414334,missing
8,256,256,68,missing,0.002488041,14,missing,missing,6.479981875,0.015414334,missing
8,256,256,69,missing,0.002750583,14,missing,missing,6.479981875,0.015414334,missing
8,256,256,70,missing,0.002972542,14,missing,missing,6.479981875,0.015414334,missing
8,256,256,71,missing,0.002469959,14,missing,missing,6.479981875,0.015414334,missing
8,256,256,72,missing,0.002875167,14,missing,missing,6.479981875,0.015414334,missing
8,256,256,73,missing,0.002585083,14,missing,missing,6.479981875,0.015414334,missing
8,256,256,74,missing,0.00288575,14,missing,missing,6.479981875,0.015414334,missing
8,256,256,75,missing,0.002542709,14,missing,missing,6.479981875,0.015414334,missing
8,256,256,76,missing,0.002516292,14,missing,missing,6.479981875,0.015414334,missing
8,256,256,77,missing,0.002869458,14,missing,missing,6.479981875,0.015414334,missing
8,256,256,78,missing,0.003043291,14,missing,missing,6.479981875,0.015414334,missing
8,256,256,79,missing,0.007316125,14,missing,missing,6.479981875,0.015414334,missing
8,256,256,80,missing,0.002321375,14,missing,missing,6.479981875,0.015414334,missing
8,256,256,81,missing,0.002589583,14,missing,missing,6.479981875,0.015414334,missing
8,256,256,82,missing,0.002490833,14,missing,missing,6.479981875,0.015414334,missing
8,256,256,83,missing,0.002668708,14,missing,missing,6.479981875,0.015414334,missing
8,256,256,84,missing,0.002660084,13,missing,missing,6.479981875,0.015414334,missing
8,256,256,85,missing,0.003530916,13,missing,missing,6.479981875,0.015414334,missing
8,256,256,86,missing,0.002440958,13,missing,missing,6.479981875,0.015414334,missing
8,256,256,87,missing,0.00226825,13,missing,missing,6.479981875,0.015414334,missing
8,256,256,88,missing,0.002543125,13,missing,missing,6.479981875,0.015414334,missing
8,256,256,89,missing,0.002969208,13,missing,missing,6.479981875,0.015414334,missing
8,256,256,90,missing,0.002667875,13,missing,missing,6.479981875,0.015414334,missing
8,256,256,91,missing,0.00286225,13,missing,missing,6.479981875,0.015414334,missing
8,256,256,92,missing,0.002253625,13,missing,missing,6.479981875,0.015414334,missing
8,256,256,93,missing,0.00359275,13,missing,missing,6.479981875,0.015414334,missing
8,256,256,94,missing,0.002451875,13,missing,missing,6.479981875,0.015414334,missing
8,256,256,95,missing,0.002358917,13,missing,missing,6.479981875,0.015414334,missing
8,256,256,96,missing,0.0022515,13,missing,missing,6.479981875,0.015414334,missing
8,256,256,97,missing,0.002687583,13,missing,missing,6.479981875,0.015414334,missing
8,256,256,98,missing,0.002476125,13,missing,missing,6.479981875,0.015414334,missing
8,256,256,99,missing,0.003212125,12,missing,missing,6.479981875,0.015414334,missing
8,256,256,100,missing,0.002825042,12,missing,missing,6.479981875,0.015414334,missing
9,512,512,1,missing,0.0017165,6,missing,missing,11.572660917,0.01174,missing
9,512,512,2,missing,0.002229584,10,missing,missing,11.572660917,0.01174,missing
9,512,512,3,missing,0.003619083,14,missing,missing,11.572660917,0.01174,missing
9,512,512,4,missing,0.004046542,14,missing,missing,11.572660917,0.01174,missing
9,512,512,5,missing,0.00328225,17,missing,missing,11.572660917,0.01174,missing
9,512,512,6,missing,0.004114084,17,missing,missing,11.572660917,0.01174,missing
9,512,512,7,missing,0.003716542,17,missing,missing,11.572660917,0.01174,missing
9,512,512,8,missing,0.004010167,17,missing,missing,11.572660917,0.01174,missing
9,512,512,9,missing,0.004887458,17,missing,missing,11.572660917,0.01174,missing
9,512,512,10,missing,0.004372584,17,missing,missing,11.572660917,0.01174,missing
9,512,512,11,missing,0.004434708,17,missing,missing,11.572660917,0.01174,missing
9,512,512,12,missing,0.004165125,17,missing,missing,11.572660917,0.01174,missing
9,512,512,13,missing,0.016691584,17,missing,missing,11.572660917,0.01174,missing
9,512,512,14,missing,0.003797625,17,missing,missing,11.572660917,0.01174,missing
9,512,512,15,missing,0.004144375,17,missing,missing,11.572660917,0.01174,missing
9,512,512,16,missing,0.00369425,17,missing,missing,11.572660917,0.01174,missing
9,512,512,17,missing,0.00451375,17,missing,missing,11.572660917,0.01174,missing
9,512,512,18,missing,0.003554333,17,missing,missing,11.572660917,0.01174,missing
9,512,512,19,missing,0.003985167,16,missing,missing,11.572660917,0.01174,missing
9,512,512,20,missing,0.003417167,15,missing,missing,11.572660917,0.01174,missing
9,512,512,21,missing,0.00415775,15,missing,missing,11.572660917,0.01174,missing
9,512,512,22,missing,0.003468208,15,missing,missing,11.572660917,0.01174,missing
9,512,512,23,missing,0.003629917,15,missing,missing,11.572660917,0.01174,missing
9,512,512,24,missing,0.003255416,15,missing,missing,11.572660917,0.01174,missing
9,512,512,25,missing,0.003781375,15,missing,missing,11.572660917,0.01174,missing
9,512,512,26,missing,0.003839792,15,missing,missing,11.572660917,0.01174,missing
9,512,512,27,missing,0.003828875,15,missing,missing,11.572660917,0.01174,missing
9,512,512,28,missing,0.003381334,15,missing,missing,11.572660917,0.01174,missing
9,512,512,29,missing,0.010422625,15,missing,missing,11.572660917,0.01174,missing
9,512,512,30,missing,0.003538125,15,missing,missing,11.572660917,0.01174,missing
9,512,512,31,missing,0.003528292,15,missing,missing,11.572660917,0.01174,missing
9,512,512,32,missing,0.003178292,15,missing,missing,11.572660917,0.01174,missing
9,512,512,33,missing,0.003678459,15,missing,missing,11.572660917,0.01174,missing
9,512,512,34,missing,0.003350458,15,missing,missing,11.572660917,0.01174,missing
9,512,512,35,missing,0.003603792,15,missing,missing,11.572660917,0.01174,missing
9,512,512,36,missing,0.003349,15,missing,missing,11.572660917,0.01174,missing
9,512,512,37,missing,0.003730667,15,missing,missing,11.572660917,0.01174,missing
9,512,512,38,missing,0.00333725,15,missing,missing,11.572660917,0.01174,missing
9,512,512,39,missing,0.003408583,15,missing,missing,11.572660917,0.01174,missing
9,512,512,40,missing,0.00325275,15,missing,missing,11.572660917,0.01174,missing
9,512,512,41,missing,0.003722959,15,missing,missing,11.572660917,0.01174,missing
9,512,512,42,missing,0.003157875,15,missing,missing,11.572660917,0.01174,missing
9,512,512,43,missing,0.003537833,15,missing,missing,11.572660917,0.01174,missing
9,512,512,44,missing,0.003320792,15,missing,missing,11.572660917,0.01174,missing
9,512,512,45,missing,0.003808583,15,missing,missing,11.572660917,0.01174,missing
9,512,512,46,missing,0.007538042,14,missing,missing,11.572660917,0.01174,missing
9,512,512,47,missing,0.003281708,14,missing,missing,11.572660917,0.01174,missing
9,512,512,48,missing,0.003501042,14,missing,missing,11.572660917,0.01174,missing
9,512,512,49,missing,0.002951458,14,missing,missing,11.572660917,0.01174,missing
9,512,512,50,missing,0.003196,14,missing,missing,11.572660917,0.01174,missing
9,512,512,51,missing,0.003138417,14,missing,missing,11.572660917,0.01174,missing
9,512,512,52,missing,0.003247875,14,missing,missing,11.572660917,0.01174,missing
9,512,512,53,missing,0.003092625,14,missing,missing,11.572660917,0.01174,missing
9,512,512,54,missing,0.003113625,14,missing,missing,11.572660917,0.01174,missing
9,512,512,55,missing,0.002990667,14,missing,missing,11.572660917,0.01174,missing
9,512,512,56,missing,0.003132917,14,missing,missing,11.572660917,0.01174,missing
9,512,512,57,missing,0.003073583,14,missing,missing,11.572660917,0.01174,missing
9,512,512,58,missing,0.003174625,14,missing,missing,11.572660917,0.01174,missing
9,512,512,59,missing,0.002986625,14,missing,missing,11.572660917,0.01174,missing
9,512,512,60,missing,0.003000708,14,missing,missing,11.572660917,0.01174,missing
9,512,512,61,missing,0.003006167,14,missing,missing,11.572660917,0.01174,missing
9,512,512,62,missing,0.003189917,14,missing,missing,11.572660917,0.01174,missing
9,512,512,63,missing,0.003046625,14,missing,missing,11.572660917,0.01174,missing
9,512,512,64,missing,0.007073292,14,missing,missing,11.572660917,0.01174,missing
9,512,512,65,missing,0.003023625,14,missing,missing,11.572660917,0.01174,missing
9,512,512,66,missing,0.003162,14,missing,missing,11.572660917,0.01174,missing
9,512,512,67,missing,0.003274041,14,missing,missing,11.572660917,0.01174,missing
9,512,512,68,missing,0.003504916,14,missing,missing,11.572660917,0.01174,missing
9,512,512,69,missing,0.002923833,14,missing,missing,11.572660917,0.01174,missing
9,512,512,70,missing,0.003398125,14,missing,missing,11.572660917,0.01174,missing
9,512,512,71,missing,0.003037709,14,missing,missing,11.572660917,0.01174,missing
9,512,512,72,missing,0.003475042,14,missing,missing,11.572660917,0.01174,missing
9,512,512,73,missing,0.003517916,14,missing,missing,11.572660917,0.01174,missing
9,512,512,74,missing,0.003553708,14,missing,missing,11.572660917,0.01174,missing
9,512,512,75,missing,0.00328175,14,missing,missing,11.572660917,0.01174,missing
9,512,512,76,missing,0.003227583,14,missing,missing,11.572660917,0.01174,missing
9,512,512,77,missing,0.002880042,14,missing,missing,11.572660917,0.01174,missing
9,512,512,78,missing,0.003142166,14,missing,missing,11.572660917,0.01174,missing
9,512,512,79,missing,0.002970833,14,missing,missing,11.572660917,0.01174,missing
9,512,512,80,missing,0.003401959,14,missing,missing,11.572660917,0.01174,missing
9,512,512,81,missing,0.002962417,14,missing,missing,11.572660917,0.01174,missing
9,512,512,82,missing,0.003217,14,missing,missing,11.572660917,0.01174,missing
9,512,512,83,missing,0.007522542,14,missing,missing,11.572660917,0.01174,missing
9,512,512,84,missing,0.0029105,14,missing,missing,11.572660917,0.01174,missing
9,512,512,85,missing,0.003368792,14,missing,missing,11.572660917,0.01174,missing
9,512,512,86,missing,0.003086334,14,missing,missing,11.572660917,0.01174,missing
9,512,512,87,missing,0.00314925,14,missing,missing,11.572660917,0.01174,missing
9,512,512,88,missing,0.00309,14,missing,missing,11.572660917,0.01174,missing
9,512,512,89,missing,0.00295525,14,missing,missing,11.572660917,0.01174,missing
9,512,512,90,missing,0.002912417,14,missing,missing,11.572660917,0.01174,missing
9,512,512,91,missing,0.00311,14,missing,missing,11.572660917,0.01174,missing
9,512,512,92,missing,0.00295125,14,missing,missing,11.572660917,0.01174,missing
9,512,512,93,missing,0.002962708,14,missing,missing,11.572660917,0.01174,missing
9,512,512,94,missing,0.002956458,14,missing,missing,11.572660917,0.01174,missing
9,512,512,95,missing,0.002973917,14,missing,missing,11.572660917,0.01174,missing
9,512,512,96,missing,0.003046667,14,missing,missing,11.572660917,0.01174,missing
9,512,512,97,missing,0.00282425,14,missing,missing,11.572660917,0.01174,missing
9,512,512,98,missing,0.002788625,14,missing,missing,11.572660917,0.01174,missing
9,512,512,99,missing,0.002978791,14,missing,missing,11.572660917,0.01174,missing
9,512,512,100,missing,0.00307375,14,missing,missing,11.572660917,0.01174,missing
10,1024,1024,1,missing,0.001962458,6,missing,missing,30.249577333,0.013077625,missing
10,1024,1024,2,missing,0.002530334,10,missing,missing,30.249577333,0.013077625,missing
10,1024,1024,3,missing,0.003457875,14,missing,missing,30.249577333,0.013077625,missing
10,1024,1024,4,missing,0.004338334,14,missing,missing,30.249577333,0.013077625,missing
10,1024,1024,5,missing,0.022520917,17,missing,missing,30.249577333,0.013077625,missing
10,1024,1024,6,missing,0.004338166,17,missing,missing,30.249577333,0.013077625,missing
10,1024,1024,7,missing,0.004347833,17,missing,missing,30.249577333,0.013077625,missing
10,1024,1024,8,missing,0.004634291,17,missing,missing,30.249577333,0.013077625,missing
10,1024,1024,9,missing,0.005077083,17,missing,missing,30.249577333,0.013077625,missing
10,1024,1024,10,missing,0.005352166,17,missing,missing,30.249577333,0.013077625,missing
10,1024,1024,11,missing,0.004802083,17,missing,missing,30.249577333,0.013077625,missing
10,1024,1024,12,missing,0.004632792,17,missing,missing,30.249577333,0.013077625,missing
10,1024,1024,13,missing,0.004841375,17,missing,missing,30.249577333,0.013077625,missing
10,1024,1024,14,missing,0.004852208,17,missing,missing,30.249577333,0.013077625,missing
10,1024,1024,15,missing,0.004504334,17,missing,missing,30.249577333,0.013077625,missing
10,1024,1024,16,missing,0.005445042,17,missing,missing,30.249577333,0.013077625,missing
10,1024,1024,17,missing,0.014132583,17,missing,missing,30.249577333,0.013077625,missing
10,1024,1024,18,missing,0.004613667,17,missing,missing,30.249577333,0.013077625,missing
10,1024,1024,19,missing,0.004590125,16,missing,missing,30.249577333,0.013077625,missing
10,1024,1024,20,missing,0.0050535,15,missing,missing,30.249577333,0.013077625,missing
10,1024,1024,21,missing,0.004077292,15,missing,missing,30.249577333,0.013077625,missing
10,1024,1024,22,missing,0.00474225,15,missing,missing,30.249577333,0.013077625,missing
10,1024,1024,23,missing,0.004082916,15,missing,missing,30.249577333,0.013077625,missing
10,1024,1024,24,missing,0.0041235,15,missing,missing,30.249577333,0.013077625,missing
10,1024,1024,25,missing,0.0044285,15,missing,missing,30.249577333,0.013077625,missing
10,1024,1024,26,missing,0.004491125,15,missing,missing,30.249577333,0.013077625,missing
10,1024,1024,27,missing,0.004068334,15,missing,missing,30.249577333,0.013077625,missing
10,1024,1024,28,missing,0.004472792,15,missing,missing,30.249577333,0.013077625,missing
10,1024,1024,29,missing,0.004210667,15,missing,missing,30.249577333,0.013077625,missing
10,1024,1024,30,missing,0.005141625,15,missing,missing,30.249577333,0.013077625,missing
10,1024,1024,31,missing,0.008190541,15,missing,missing,30.249577333,0.013077625,missing
10,1024,1024,32,missing,0.004468208,15,missing,missing,30.249577333,0.013077625,missing
10,1024,1024,33,missing,0.003929042,15,missing,missing,30.249577333,0.013077625,missing
10,1024,1024,34,missing,0.005041417,15,missing,missing,30.249577333,0.013077625,missing
10,1024,1024,35,missing,0.004749625,15,missing,missing,30.249577333,0.013077625,missing
10,1024,1024,36,missing,0.004238542,15,missing,missing,30.249577333,0.013077625,missing
10,1024,1024,37,missing,0.005097625,15,missing,missing,30.249577333,0.013077625,missing
10,1024,1024,38,missing,0.003962375,15,missing,missing,30.249577333,0.013077625,missing
10,1024,1024,39,missing,0.004730167,15,missing,missing,30.249577333,0.013077625,missing
10,1024,1024,40,missing,0.0039865,15,missing,missing,30.249577333,0.013077625,missing
10,1024,1024,41,missing,0.004452709,15,missing,missing,30.249577333,0.013077625,missing
10,1024,1024,42,missing,0.004316375,15,missing,missing,30.249577333,0.013077625,missing
10,1024,1024,43,missing,0.00408375,15,missing,missing,30.249577333,0.013077625,missing
10,1024,1024,44,missing,0.004964125,15,missing,missing,30.249577333,0.013077625,missing
10,1024,1024,45,missing,0.008434209,15,missing,missing,30.249577333,0.013077625,missing
10,1024,1024,46,missing,0.003884083,14,missing,missing,30.249577333,0.013077625,missing
10,1024,1024,47,missing,0.0040025,14,missing,missing,30.249577333,0.013077625,missing
10,1024,1024,48,missing,0.003532334,14,missing,missing,30.249577333,0.013077625,missing
10,1024,1024,49,missing,0.003735292,14,missing,missing,30.249577333,0.013077625,missing
10,1024,1024,50,missing,0.004106958,14,missing,missing,30.249577333,0.013077625,missing
10,1024,1024,51,missing,0.003591209,14,missing,missing,30.249577333,0.013077625,missing
10,1024,1024,52,missing,0.004120792,14,missing,missing,30.249577333,0.013077625,missing
10,1024,1024,53,missing,0.0035345,14,missing,missing,30.249577333,0.013077625,missing
10,1024,1024,54,missing,0.004259125,14,missing,missing,30.249577333,0.013077625,missing
10,1024,1024,55,missing,0.003491667,14,missing,missing,30.249577333,0.013077625,missing
10,1024,1024,56,missing,0.004210333,14,missing,missing,30.249577333,0.013077625,missing
10,1024,1024,57,missing,0.00352325,14,missing,missing,30.249577333,0.013077625,missing
10,1024,1024,58,missing,0.004075792,14,missing,missing,30.249577333,0.013077625,missing
10,1024,1024,59,missing,0.003448042,14,missing,missing,30.249577333,0.013077625,missing
10,1024,1024,60,missing,0.004040209,14,missing,missing,30.249577333,0.013077625,missing
10,1024,1024,61,missing,0.008000792,14,missing,missing,30.249577333,0.013077625,missing
10,1024,1024,62,missing,0.00367975,14,missing,missing,30.249577333,0.013077625,missing
10,1024,1024,63,missing,0.003732584,14,missing,missing,30.249577333,0.013077625,missing
10,1024,1024,64,missing,0.003742417,14,missing,missing,30.249577333,0.013077625,missing
10,1024,1024,65,missing,0.004002958,14,missing,missing,30.249577333,0.013077625,missing
10,1024,1024,66,missing,0.003548,14,missing,missing,30.249577333,0.013077625,missing
10,1024,1024,67,missing,0.003915333,14,missing,missing,30.249577333,0.013077625,missing
10,1024,1024,68,missing,0.004388334,14,missing,missing,30.249577333,0.013077625,missing
10,1024,1024,69,missing,0.004044209,14,missing,missing,30.249577333,0.013077625,missing
10,1024,1024,70,missing,0.030555792,14,missing,missing,30.249577333,0.013077625,missing
10,1024,1024,71,missing,0.010903166,14,missing,missing,30.249577333,0.013077625,missing
10,1024,1024,72,missing,0.003761917,14,missing,missing,30.249577333,0.013077625,missing
10,1024,1024,73,missing,0.004151708,14,missing,missing,30.249577333,0.013077625,missing
10,1024,1024,74,missing,0.003733458,14,missing,missing,30.249577333,0.013077625,missing
10,1024,1024,75,missing,0.004094083,14,missing,missing,30.249577333,0.013077625,missing
10,1024,1024,76,missing,0.007880208,14,missing,missing,30.249577333,0.013077625,missing
10,1024,1024,77,missing,0.003859958,14,missing,missing,30.249577333,0.013077625,missing
10,1024,1024,78,missing,0.004341459,14,missing,missing,30.249577333,0.013077625,missing
10,1024,1024,79,missing,0.003727875,14,missing,missing,30.249577333,0.013077625,missing
10,1024,1024,80,missing,0.003954416,14,missing,missing,30.249577333,0.013077625,missing
10,1024,1024,81,missing,0.003594375,14,missing,missing,30.249577333,0.013077625,missing
10,1024,1024,82,missing,0.003821708,14,missing,missing,30.249577333,0.013077625,missing
10,1024,1024,83,missing,0.003870708,14,missing,missing,30.249577333,0.013077625,missing
10,1024,1024,84,missing,0.003843833,14,missing,missing,30.249577333,0.013077625,missing
10,1024,1024,85,missing,0.003948458,14,missing,missing,30.249577333,0.013077625,missing
10,1024,1024,86,missing,0.003441334,14,missing,missing,30.249577333,0.013077625,missing
10,1024,1024,87,missing,0.00366325,14,missing,missing,30.249577333,0.013077625,missing
10,1024,1024,88,missing,0.003933125,14,missing,missing,30.249577333,0.013077625,missing
10,1024,1024,89,missing,0.00366775,14,missing,missing,30.249577333,0.013077625,missing
10,1024,1024,90,missing,0.003852916,14,missing,missing,30.249577333,0.013077625,missing
10,1024,1024,91,missing,0.003754417,14,missing,missing,30.249577333,0.013077625,missing
10,1024,1024,92,missing,0.008043917,14,missing,missing,30.249577333,0.013077625,missing
10,1024,1024,93,missing,0.003786458,14,missing,missing,30.249577333,0.013077625,missing
10,1024,1024,94,missing,0.003946125,14,missing,missing,30.249577333,0.013077625,missing
10,1024,1024,95,missing,0.00378425,14,missing,missing,30.249577333,0.013077625,missing
10,1024,1024,96,missing,0.003807292,14,missing,missing,30.249577333,0.013077625,missing
10,1024,1024,97,missing,0.003721708,14,missing,missing,30.249577333,0.013077625,missing
10,1024,1024,98,missing,0.004687,14,missing,missing,30.249577333,0.013077625,missing
10,1024,1024,99,missing,0.003463667,14,missing,missing,30.249577333,0.013077625,missing
10,1024,1024,100,missing,0.003782417,14,missing,missing,30.249577333,0.013077625,missing
